<?xml version="1.0" encoding="UTF-8"?>
<project-private xmlns="http://www.netbeans.org/ns/project-private/1">
    <editor-bookmarks xmlns="http://www.netbeans.org/ns/editor-bookmarks/2" lastBookmarkId="0"/>
    <open-files xmlns="http://www.netbeans.org/ns/projectui-open-files/2">
        <group>
            <file>file:/D:/Eigene%20Dateien/Bastelprojekte/ReBox/fw/ReBox_v1.0.X/rebox.h</file>
            <file>file:/D:/Eigene%20Dateien/Bastelprojekte/ReBox/fw/ReBox_v1.0.X/mcc_generated_files/examples/i2c1_master_example.c</file>
            <file>file:/D:/Eigene%20Dateien/Bastelprojekte/ReBox/fw/ReBox_v1.0.X/mcc_generated_files/examples/uart_example.c</file>
            <file>file:/D:/Eigene%20Dateien/Bastelprojekte/ReBox/fw/ReBox_v1.0.X/i2c.h</file>
            <file>file:/D:/Eigene%20Dateien/Bastelprojekte/ReBox/fw/ReBox_v1.0.X/mcc_generated_files/i2c1_master.c</file>
            <file>file:/D:/Eigene%20Dateien/Bastelprojekte/ReBox/fw/ReBox_v1.0.X/main.c</file>
            <file>file:/D:/Eigene%20Dateien/Bastelprojekte/ReBox/fw/ReBox_v1.0.X/mcc_generated_files/tmr0.c</file>
            <file>file:/D:/Eigene%20Dateien/Bastelprojekte/ReBox/fw/ReBox_v1.0.X/mcc_generated_files/examples/i2c1_master_example.h</file>
        </group>
    </open-files>
</project-private>
